JobID,Item,Quantity,Arrival,DueHrs,Completion,FlowTime,ProcessTime,WaitingTime,Lateness,Tardiness,OnTime,Rule
PO-0003,TUBESET-ROAD,40.567,0.0,80.0,5.62,5.62,5.62,0.0,-74.38,0.0,True,FCFS
PO-0002,FRAME-ROAD,79.899,0.0,160.0,35.5,35.5,35.5,0.0,-124.5,0.0,True,FCFS
PO-0001,BIKE-KIDS,310.0,0.0,80.0,66.18,66.18,66.18,0.0,-13.82,0.0,True,FCFS
PO-0006,TUBESET-ROAD,166.976,80.0,160.0,101.07,21.07,21.07,0.0,-58.93,0.0,True,FCFS
PO-0005,TUBESET-KIDS,320.0,80.0,160.0,105.33,25.33,25.33,0.0,-54.67,0.0,True,FCFS
PO-0004,FRAME-ROAD,165.657,80.0,240.0,150.65,70.65,70.65,0.0,-89.35,0.0,True,FCFS
PO-0014,TUBESET-ROAD,148.423,160.0,240.0,178.81,18.81,18.81,0.0,-61.19,0.0,True,FCFS
PO-0007,BIKE-MTB,84.0,160.0,240.0,185.41,25.41,25.41,0.0,-54.59,0.0,True,FCFS
PO-0008,BIKE-ROAD,89.0,160.0,240.0,188.51,28.51,28.51,0.0,-51.49,0.0,True,FCFS
PO-0011,FRAME-MTB,110.505,160.0,320.0,204.23,44.23,44.23,0.0,-115.77,0.0,True,FCFS
PO-0010,FRAME-KIDS,320.0,160.0,320.0,248.85,88.85,88.85,0.0,-71.15,0.0,True,FCFS
PO-0026,TUBESET-MTB,155.879,240.0,320.0,257.88,17.88,17.88,0.0,-62.12,0.0,True,FCFS
PO-0025,TUBESET-KIDS,320.0,240.0,320.0,265.33,25.33,25.33,0.0,-54.67,0.0,True,FCFS
PO-0023,WHEEL-26,221.01,240.0,320.0,270.59,30.59,30.59,0.0,-49.41,0.0,True,FCFS
PO-0012,FRAME-ROAD,163.636,160.0,320.0,274.91,114.91,69.82,45.08,-45.09,0.0,True,FCFS
PO-0027,TUBESET-ROAD,135.024,240.0,320.0,275.05,35.05,17.17,17.88,-44.95,0.0,True,FCFS
PO-0016,BIKE-ROAD,164.0,240.0,320.0,291.89,51.89,51.89,0.0,-28.11,0.0,True,FCFS
PO-0015,BIKE-MTB,181.0,240.0,320.0,293.94,53.94,53.94,0.0,-26.06,0.0,True,FCFS
PO-0021,FRAME-ROAD,145.455,240.0,400.0,302.37,62.37,62.37,0.0,-97.63,0.0,True,FCFS
PO-0022,WHEEL-20,630.0,240.0,320.0,304.77,64.77,64.77,0.0,-15.23,0.0,True,FCFS
PO-0019,DRIVE-SS,910.0,240.0,320.0,311.17,71.17,71.17,0.0,-8.83,0.0,True,FCFS
PO-0020,FRAME-MTB,182.828,240.0,400.0,329.71,89.71,71.53,18.18,-70.29,0.0,True,FCFS
PO-0039,TUBESET-ROAD,122.655,320.0,400.0,335.66,15.66,15.66,0.0,-64.34,0.0,True,FCFS
PO-0038,TUBESET-MTB,186.559,320.0,400.0,341.28,21.28,21.28,0.0,-58.72,0.0,True,FCFS
PO-0036,WHEEL-26,365.657,320.0,400.0,370.32,50.32,50.32,0.0,-29.68,0.0,True,FCFS
PO-0029,BIKE-MTB,181.0,320.0,400.0,373.94,53.94,53.94,0.0,-26.06,0.0,True,FCFS
PO-0028,BIKE-KIDS,310.0,320.0,400.0,386.18,66.18,66.18,0.0,-13.82,0.0,True,FCFS
PO-0034,FRAME-MTB,182.828,320.0,480.0,391.53,71.53,71.53,0.0,-88.47,0.0,True,FCFS
PO-0050,TUBESET-ROAD,111.317,400.0,480.0,414.27,14.27,14.27,0.0,-65.73,0.0,True,FCFS
PO-0049,TUBESET-MTB,186.559,400.0,480.0,421.28,21.28,21.28,0.0,-58.72,0.0,True,FCFS
PO-0030,BIKE-ROAD,162.0,320.0,400.0,425.21,105.21,51.27,53.94,25.21,25.21,False,FCFS
PO-0033,FRAME-KIDS,320.0,320.0,480.0,426.73,106.73,88.85,17.88,-53.27,0.0,True,FCFS
PO-0035,FRAME-ROAD,132.323,320.0,480.0,448.06,128.06,56.99,71.07,-31.94,0.0,True,FCFS
PO-0047,WHEEL-26,365.657,400.0,480.0,450.32,50.32,50.32,0.0,-29.68,0.0,True,FCFS
PO-0040,BIKE-MTB,181.0,400.0,480.0,453.94,53.94,53.94,0.0,-26.06,0.0,True,FCFS
PO-0046,WHEEL-20,630.0,400.0,480.0,464.77,64.77,64.77,0.0,-15.23,0.0,True,FCFS
PO-0045,FRAME-ROAD,120.202,400.0,560.0,467.56,67.56,52.02,15.54,-92.44,0.0,True,FCFS
PO-0041,BIKE-ROAD,144.0,400.0,480.0,470.87,70.87,45.66,25.21,-9.13,0.0,True,FCFS
PO-0044,FRAME-MTB,182.828,400.0,560.0,494.89,94.89,71.53,23.36,-65.11,0.0,True,FCFS
PO-0061,TUBESET-MTB,186.559,480.0,560.0,501.28,21.28,21.28,0.0,-58.72,0.0,True,FCFS
PO-0060,TUBESET-KIDS,320.0,480.0,560.0,505.33,25.33,25.33,0.0,-54.67,0.0,True,FCFS
PO-0062,TUBESET-ROAD,103.072,480.0,560.0,514.55,34.55,13.26,21.28,-45.45,0.0,True,FCFS
PO-0057,FRAME-ROAD,109.091,480.0,640.0,527.47,47.47,47.47,0.0,-112.53,0.0,True,FCFS
PO-0058,WHEEL-26,365.657,480.0,560.0,530.32,50.32,50.32,0.0,-29.68,0.0,True,FCFS
PO-0052,BIKE-MTB,181.0,480.0,560.0,533.94,53.94,53.94,0.0,-26.06,0.0,True,FCFS
PO-0051,BIKE-KIDS,310.0,480.0,560.0,546.18,66.18,66.18,0.0,-13.82,0.0,True,FCFS
PO-0056,FRAME-MTB,182.828,480.0,640.0,554.8,74.8,71.53,3.27,-85.2,0.0,True,FCFS
PO-0073,TUBESET-ROAD,111.317,560.0,640.0,574.27,14.27,14.27,0.0,-65.73,0.0,True,FCFS
PO-0053,BIKE-ROAD,131.0,480.0,560.0,575.55,95.55,41.61,53.94,15.55,15.55,False,FCFS
PO-0072,TUBESET-MTB,186.559,560.0,640.0,581.28,21.28,21.28,0.0,-58.72,0.0,True,FCFS
PO-0070,WHEEL-26,365.657,560.0,640.0,610.32,50.32,50.32,0.0,-29.68,0.0,True,FCFS
PO-0064,BIKE-ROAD,119.0,560.0,640.0,613.41,53.41,37.86,15.55,-26.59,0.0,True,FCFS
PO-0063,BIKE-MTB,181.0,560.0,640.0,613.94,53.94,53.94,0.0,-26.06,0.0,True,FCFS
PO-0068,FRAME-MTB,182.828,560.0,720.0,631.53,71.53,71.53,0.0,-88.47,0.0,True,FCFS
PO-0067,FRAME-KIDS,320.0,560.0,720.0,666.73,106.73,88.85,17.88,-53.27,0.0,True,FCFS
PO-0069,FRAME-ROAD,101.01,560.0,720.0,683.33,123.33,44.15,79.18,-36.67,0.0,True,FCFS
